name,category,price,description,image_url,available,published
Солевая монашка,Жидкости,450,,,0,1
Злая монашка,Жидкости,500,,,0,1
DUALL X Злая монашка,Жидкости,500,,,0,1
ISTERIKA X Самоубийца,Жидкости,500,,,0,1
ISTERIKA CLASSIC,Жидкости,450,,,0,1
Грех X ISTERIKA,Жидкости,450,,,0,1
Rick and Morty Bad Acid,Жидкости,500,,,0,1
ICE FOX extra hard,Жидкости,550,,,0,1
Картридж Xros 0.6,Расходники,250,,,0,1
Картридж Xros 0.8,Расходники,250,,,0,1
Картридж Xros 0.4,Расходники,250,,,0,1
Картридж Pasito K-5,Расходники,250,,,0,1
Xros 6,Устройства,2300,,,0,1
Xros 6 mini,Устройства,1600,,,0,1
Xros 5 mini,Устройства,1500,,,0,1
Xros mini,Устройства,1100,,,0,1
AEGIS BOOST 3 KIT,Устройства,2600,,,0,1
Aegis Nano 3,Устройства,2200,,,0,1
Aegis Hero 5 Racing,Устройства,2500,,,0,1
Aegis H45 Classic,Устройства,2300,,,0,1
Pasito 3,Устройства,3000,,,0,1
